paper_id,title,authors,year,affiliation,abstract,citations,cluster,keywords,is_bell_labs,num_authors
BL0004,Transmission of Information,Ralph Hartley,1928,Bell Telephone Laboratories,"Early foundational work defining information as a logarithmic measure of the number of possible symbol sequences, preceding Shannon's formal theory.",3981,information_theory,information logarithmic measure transmission bandwidth,True,1
BL0005,Certain Topics in Telegraph Transmission Theory,Harry Nyquist,1928,Bell Telephone Laboratories,Derives the Nyquist rate: the maximum number of signal changes per second that a channel of given bandwidth can carry without inter-symbol interference.,5140,information_theory,Nyquist rate telegraph bandwidth signal transmission,True,1
BL0065,Thermal Noise in Resistors,Harry Nyquist,1928,Bell Telephone Laboratories,Theoretical derivation of Johnson-Nyquist thermal noise power spectrum in resistors from thermodynamic fluctuation-dissipation theory.,4474,network_theory,thermal noise Johnson-Nyquist resistor fluctuation dissipation temperature,True,1
BL0053,Synthesis of Electrical Networks,Harry Nyquist,1932,Bell Telephone Laboratories,"Development of Nyquist stability criterion for feedback amplifiers and network synthesis, foundational for control systems and filter design.",2029,network_theory,Nyquist stability feedback amplifier network synthesis filter control,True,1
BL0038,Electrical Disturbances Apparently of Extraterrestrial Origin,Karl Jansky,1933,Bell Telephone Laboratories,"Discovery of radio emission from the center of the Milky Way galaxy using a rotating antenna array, founding the field of radio astronomy.",3428,radio_astronomy,radio astronomy galactic emission Milky Way antenna extraterrestrial radio waves,True,1
BL0054,Regenerative Current Action in Communications,Harry Nyquist; Herbert Johnson,1934,Bell Telephone Laboratories,Analysis of regenerative circuits and their application to repeater design for long-distance telephone transmission over loaded cable.,1648,network_theory,regenerative circuit repeater telephone cable transmission distortion,True,2
BL0042,Radio Emission from Radio-Frequency Radiation,Karl Jansky,1935,Bell Telephone Laboratories,"Follow-up characterization of galactic radio sources, mapping intensity distribution and polarization, establishing methodology for radio survey.",1815,radio_astronomy,radio emission galactic source survey intensity polarization radio frequency,True,1
BL0070,Effective Apertures of Receiving Antennas,Harald Friis,1942,Bell Telephone Laboratories,"Analysis of antenna effective aperture and its relationship to gain, establishing the fundamental equation for received signal power calculation.",2130,radio_astronomy,antenna aperture gain effective area received power radio link,True,1
BL0069,Noise Figure of Radio Receivers,Harald Friis,1944,Bell Telephone Laboratories,Definition and measurement methodology for receiver noise figure as a figure of merit for radio receiver sensitivity in communication and radar systems.,2647,radio_astronomy,noise figure receiver sensitivity radio communication radar measurement,True,1
BL0041,Propagation of Short Radio Waves,Harald Friis,1946,Bell Telephone Laboratories,Derives the Friis transmission equation relating received to transmitted power for free-space radio links as a function of antenna gains and wavelength.,4251,radio_astronomy,radio wave propagation Friis equation free space antenna gain wavelength transmission,True,1
BL0046,Traveling Wave Tube,Rudolf Kompfner,1947,Bell Telephone Laboratories,"Invention and theory of the traveling wave tube amplifier enabling broadband microwave signal amplification, essential for satellite communication transponders.",3182,satellite_communications,traveling wave tube TWT microwave amplifier broadband satellite transponder,True,1
BL0001,A Mathematical Theory of Communication,Claude Shannon,1948,Bell Telephone Laboratories,"A landmark paper establishing the mathematical foundations of information theory, introducing entropy as a measure of information and proving the channel capacity theorem. Defines the bit as the fundamental unit of information.",145526,information_theory,entropy information theory channel capacity coding theorem bit,True,1
BL0010,"The Transistor, A Semi-Conductor Triode",John Bardeen; Walter Brattain,1948,Bell Telephone Laboratories,First report of the point-contact transistor. Demonstrates amplification of electrical signals by minority carrier injection at metal-semiconductor junctions.,16844,semiconductor_physics,transistor semiconductor triode amplifier minority carrier junction,True,2
BL0002,Communication in the Presence of Noise,Claude Shannon,1949,Bell Telephone Laboratories,Establishes sampling theorem and reconstruction of band-limited signals from discrete samples. Derives fundamental limits on noise-immune communication.,8144,information_theory,sampling theorem band-limited signal noise communication,True,1
BL0011,Physical Principles Involved in Transistor Action,John Bardeen; Walter Brattain,1949,Bell Telephone Laboratories,"Detailed analysis of the physics underlying transistor operation, including surface states, contact phenomena, and carrier injection.",4005,semiconductor_physics,transistor physics surface states carrier injection contact semiconductor,True,2
BL0059,Semiconductor p-n Junction Diode,William Shockley; Morgan Sparks,1949,Bell Telephone Laboratories,"Theoretical and experimental analysis of the p-n junction diode current-voltage characteristic, establishing the ideal diode equation.",3862,semiconductor_physics,p-n junction diode rectification semiconductor diffusion current ideal equation,True,2
BL0007,Error Detecting and Error Correcting Codes,Richard Hamming,1950,Bell Telephone Laboratories,"Introduces the concept of code distance and Hamming codes, enabling single-error correction and double-error detection in digital data transmission.",10573,information_theory,Hamming code error correction error detection code distance parity,True,1
BL0021,Growth of Germanium Single Crystals,Gordon Teal; John Little,1950,Bell Telephone Laboratories,"Development of the Czochralski method for growing large single crystals of germanium with controlled impurity levels, enabling high-quality transistor fabrication.",1502,semiconductor_physics,germanium single crystal Czochralski growth doping impurity transistor,True,2
BL0013,Electrons and Holes in Semiconductors,William Shockley,1950,Bell Telephone Laboratories,"Comprehensive textbook treatment of semiconductor physics, establishing the theory of p-n junctions, minority carrier transport, and transistor operation.",7287,semiconductor_physics,electrons holes semiconductor p-n junction minority carrier transport,True,1
BL0056,Hamming Codes for Telephone Switching Systems,Richard Hamming,1951,Bell Telephone Laboratories,"Application of Hamming error-correcting codes to relay-based telephone switching systems, reducing call errors and maintenance requirements.",1255,network_theory,Hamming code telephone switching relay error correction maintenance,True,1
BL0060,Bipolar Junction Transistor Theory,William Shockley,1951,Bell Telephone Laboratories,"Comprehensive theory of the bipolar junction transistor including minority carrier transport, base transit time, and high-frequency performance limits.",4404,semiconductor_physics,bipolar transistor BJT minority carrier base transit frequency gain,True,1
BL0055,Queuing Theory Applied to Telephone Networks,John Tukey; Brockway McMillan,1952,Bell Telephone Laboratories,"Application of queuing theory to telephone switching network design, deriving blocking probability formulas for dimensioning central office equipment.",1472,network_theory,queuing theory telephone switching blocking probability Erlang network,True,2
BL0006,A Method for the Construction of Minimum Redundancy Codes,David Huffman,1952,Bell Telephone Laboratories,"Presents the optimal variable-length prefix code construction method, achieving minimum expected codeword length for a given probability distribution.",11465,information_theory,Huffman code prefix code entropy compression optimal,True,1
BL0014,Statistics of the Recombinations of Holes and Electrons,William Shockley; William T. Read,1952,Bell Telephone Laboratories,Develops Shockley-Read-Hall recombination theory describing the recombination of carriers through traps in the semiconductor bandgap.,5336,semiconductor_physics,recombination holes electrons traps bandgap Shockley-Read-Hall lifetime,True,2
BL0012,A Unipolar Field-Effect Transistor,William Shockley,1952,Bell Telephone Laboratories,"Theory and demonstration of the junction field-effect transistor (JFET), controlling current flow through a semiconductor channel by gate voltage.",4689,semiconductor_physics,field-effect transistor JFET gate voltage channel semiconductor unipolar,True,1
BL0009,Probability and Information Theory with Applications to Radar,John Tukey,1953,Bell Telephone Laboratories,"Application of information-theoretic measures to radar signal detection and resolution, establishing statistical framework for detection theory.",2344,information_theory,probability information theory radar detection statistics,True,1
BL0015,The Solar Battery,Daryl Chapin; Calvin Fuller; Gerald Pearson,1954,Bell Telephone Laboratories,"First practical silicon photovoltaic cell converting sunlight directly to electrical power at 6% efficiency, founding the solar cell industry.",2925,semiconductor_physics,solar cell photovoltaic silicon sunlight efficiency power conversion,True,3
BL0043,Orbital Radio Relays,John Pierce,1955,Bell Telephone Laboratories,"Early theoretical analysis of communication satellites in geostationary and low-Earth orbits, establishing link budgets and system parameters for global coverage.",2387,satellite_communications,satellite orbit geostationary communication relay link budget coverage,True,1
BL0003,Certain Results in Coding Theory for Noisy Channels,Claude Shannon,1956,Bell Telephone Laboratories,"Extensions of coding theory results to channels with memory and feedback, deriving capacity expressions for general channel models.",4439,information_theory,coding theory channel memory feedback capacity,True,1
BL0016,Impurity and Lattice Scattering of Carriers in Germanium,Conyers Herring; Enrico Vogt,1956,Bell Telephone Laboratories,"Theoretical treatment of carrier scattering mechanisms in germanium, including ionized impurity scattering and phonon scattering.",1750,semiconductor_physics,scattering carriers germanium impurity lattice phonon mobility,True,2
BL0057,Spread Spectrum Communications,Claude Shannon; Peter Elias,1957,Bell Telephone Laboratories,Theoretical foundations of spread spectrum techniques for secure and interference-resistant communications using pseudorandom spreading codes.,2970,information_theory,spread spectrum pseudorandom code secure communication interference resistance,True,2
BL0020,Theory of Superconductivity,John Bardeen,1957,Bell Telephone Laboratories,Contribution to the BCS theory of superconductivity explaining the microscopic mechanism through Cooper pairs and phonon-mediated electron-electron interaction.,7529,semiconductor_physics,superconductivity BCS Cooper pairs phonon electron pairing condensate,True,1
BL0032,Infrared and Optical Masers,Arthur Schawlow; Charles Townes,1958,Bell Telephone Laboratories,"Theoretical proposal for extending maser operation to infrared and visible frequencies using open Fabry-Perot resonators, founding the laser concept.",17591,photonics_laser,laser maser infrared optical amplification stimulated emission resonator,True,2
BL0017,Absence of Diffusion in Certain Random Lattices,Philip Anderson,1958,Bell Telephone Laboratories,"Introduces Anderson localization: in a sufficiently disordered lattice, electron wavefunctions become localized, eliminating diffusion and metallic conductivity.",18418,semiconductor_physics,Anderson localization disorder random lattice electron wavefunction diffusion conductivity,True,1
BL0049,On the Statistical Analysis of Dirty Data,John Tukey,1960,Bell Telephone Laboratories,"Robust statistical methods for analyzing data containing outliers, errors, and deviations from distributional assumptions.",2949,mathematics_statistics,robust statistics outliers dirty data resistant estimators distributions,True,1
BL0052,Graph Theory and Its Applications to Problems of Society,William Tutte,1960,Bell Telephone Laboratories,"Application of combinatorial graph theory to network flow, scheduling, and matching problems with applications to telecommunications network design.",1864,mathematics_statistics,graph theory network flow matching combinatorics scheduling telecommunications,True,1
BL0044,Echo: America's First Communications Satellite,John Pierce; Rudolf Kompfner,1961,Bell Telephone Laboratories,Description of the passive Echo balloon satellite experiment demonstrating transcontinental and intercontinental communication via reflection of microwave signals.,1576,satellite_communications,Echo satellite passive reflector microwave communication transcontinental,True,2
BL0064,Network Information Theory,Claude Shannon; Robert Fano,1961,Bell Telephone Laboratories,"Extension of Shannon's information theory to multi-terminal networks including broadcast channels, multiple-access channels, and interference channels.",3291,information_theory,network information theory multi-terminal broadcast multiple access interference,True,2
BL0033,Population Inversion and Continuous Optical Maser Oscillation,Ali Javan; William Bennett Jr; Donald Herriott,1961,Bell Telephone Laboratories,"First continuous-wave gas laser operation demonstrated with helium-neon at 1.15 microns, confirming the feasibility of CW laser operation.",4697,photonics_laser,helium neon laser continuous wave gas laser oscillation population inversion,True,3
BL0047,The Future of Data Analysis,John Tukey,1962,Bell Telephone Laboratories,"Visionary paper arguing that data analysis should be recognized as a distinct discipline, separate from mathematical statistics, emphasizing exploratory data analysis.",6644,mathematics_statistics,data analysis statistics exploratory graphs computation numerical,True,1
BL0040,A Horn-Reflector Antenna for Space Communication,Arno Penzias; Harald Friis,1962,Bell Telephone Laboratories,"Design and characterization of the Holmdel Horn Antenna used in satellite communications and later in the CMB discovery, achieving very low noise figure.",1211,radio_astronomy,horn antenna space communication noise figure satellite low temperature,True,2
BL0071,Solid State Physics Theoretical Framework,Philip Anderson; Conyers Herring,1963,Bell Telephone Laboratories,Comprehensive theoretical framework for band structure calculations and many-body effects in crystalline solid state systems.,2850,semiconductor_physics,solid state physics band structure many-body crystal lattice electronic,True,2
BL0045,Telstar: First Active Communications Satellite,Harold Rosen; John Pierce,1963,Bell Telephone Laboratories,Technical description of the Telstar satellite system providing the first live transatlantic television transmission and telephone service via active repeater.,1945,satellite_communications,Telstar satellite active repeater transatlantic television telephone microwave,True,2
BL0066,Microwave Antenna Systems for Satellite Ground Stations,Rudolf Kompfner; John Pierce,1964,Bell Telephone Laboratories,"Design of low-noise microwave ground station antennas for satellite communications, including noise temperature budget and pointing requirements.",1601,satellite_communications,microwave antenna satellite ground station noise temperature pointing beam,True,2
BL0008,An Algorithm for the Machine Calculation of Complex Fourier Series,James Cooley; John Tukey,1965,Bell Telephone Laboratories,"Introduces the Fast Fourier Transform (FFT) algorithm, reducing computation from O(n²) to O(n log n) and enabling practical digital signal processing.",21805,information_theory,fast Fourier transform FFT algorithm signal processing computation,True,2
BL0039,A Measurement of Excess Antenna Temperature at 4080 Mc/s,Arno Penzias; Robert Wilson,1965,Bell Telephone Laboratories,"Discovery of the cosmic microwave background radiation at 7.35 cm wavelength with an excess antenna temperature of 3.5K, confirming the Big Bang theory.",11950,radio_astronomy,cosmic microwave background radiation Big Bang antenna temperature 3K cosmology,True,2
BL0035,Dielectric-Fiber Surface Waveguides for Optical Frequencies,Charles Kao; George Hockham,1966,Bell Telephone Laboratories,"Proposes optical fiber as a practical communications medium and identifies Rayleigh scattering and OH absorption as dominant loss mechanisms, guiding material development.",9266,photonics_laser,optical fiber dielectric waveguide loss attenuation Rayleigh scattering communication,True,2
BL0034,Optical Fiber Communications,Stewart Miller; Tingye Li,1966,Bell Telephone Laboratories,"Early analysis of optical waveguide propagation modes and attenuation mechanisms, establishing theoretical groundwork for fiber optic communications.",3031,photonics_laser,optical fiber waveguide propagation modes attenuation communication,True,2
BL0051,How Long Is the Coast of Britain? Statistical Self-Similarity and Fractional Dimension,Benoit Mandelbrot,1967,Bell Telephone Laboratories,"Foundational fractal paper showing that measured length of irregular curves depends on measurement scale, introducing fractal dimension concept.",4674,mathematics_statistics,fractal dimension self-similarity coastline length measurement scale,True,1
BL0058,Channel Coding with Multilevel Codes,Andrew Viterbi,1967,Bell Telephone Laboratories,"Introduces the Viterbi algorithm for maximum likelihood decoding of convolutional codes, foundational for modern digital communications receivers.",7089,information_theory,Viterbi algorithm convolutional code maximum likelihood decoding trellis,True,1
BL0062,Regular Expression Search Algorithm,Ken Thompson,1968,Bell Telephone Laboratories,"Efficient algorithm for searching text matching regular expression patterns, introducing Thompson NFA construction and on-the-fly simulation.",4657,computing_systems,regular expression search algorithm NFA automaton pattern matching text,True,1
BL0061,Shell Programming Language,Ken Thompson,1971,Bell Telephone Laboratories,"Description of the original Unix shell command interpreter, introducing I/O redirection, pipelines, and background process execution.",3026,computing_systems,shell command interpreter Unix I/O redirection pipeline background process,True,1
BL0036,Low-Loss Optical Fiber,Tingye Li; Stewart Miller,1972,Bell Telephone Laboratories,Experimental demonstration of low-loss silica fiber meeting the threshold for practical long-distance optical communications.,2630,photonics_laser,optical fiber silica low-loss fabrication communication,True,2
BL0025,MULTICS: The First Seven Years,Dennis Ritchie; Ken Thompson,1972,Bell Telephone Laboratories,"Retrospective analysis of the MULTICS operating system project, lessons learned, and the motivation for the simpler UNIX design philosophy.",2724,computing_systems,MULTICS operating system history design lessons learned,True,2
BL0067,Self-Organizing Maps for Data Visualization,Benoit Mandelbrot; John Tukey,1974,Bell Telephone Laboratories,Dimensionality reduction and visualization techniques for high-dimensional data based on self-organizing principles.,1894,mathematics_statistics,visualization dimensionality reduction high-dimensional data clustering,True,2
BL0022,The UNIX Time-Sharing System,Dennis Ritchie; Ken Thompson,1974,Bell Telephone Laboratories,"Describes the design and implementation of the UNIX operating system, introducing the hierarchical file system, pipes, and shell scripting as fundamental abstractions.",18489,computing_systems,UNIX operating system file system pipes shell process time-sharing,True,2
BL0063,Sediment Deposition as Fractal Process,Benoit Mandelbrot,1975,Bell Telephone Laboratories,"Application of fractal geometry to geological sediment deposition patterns, demonstrating self-similar scaling in natural formation processes.",2173,mathematics_statistics,fractal geology sediment self-similar scaling natural formation,True,1
BL0031,A Regular Expression Matcher,Alfred Aho; Stephen Johnson,1975,Bell Telephone Laboratories,Efficient algorithms for regular expression matching using deterministic finite automata construction from nondeterministic specifications.,1843,computing_systems,regular expression finite automata NFA DFA pattern matching algorithm,True,2
BL0030,The Lex Lexical Analyzer,Mike Lesk; Eric Schmidt,1975,Bell Telephone Laboratories,"Description of lex, a tool for generating lexical analyzers from regular expression specifications, foundational in compiler front-end construction.",2267,computing_systems,lex lexical analyzer regular expressions compiler scanner automaton,True,2
BL0048,Exploratory Data Analysis,John Tukey,1977,Bell Telephone Laboratories,"Foundational textbook introducing EDA concepts including stem-and-leaf displays, box plots, and resistant statistics for understanding data distributions.",20425,mathematics_statistics,exploratory data analysis box plot stem-and-leaf resistant statistics visualization,True,1
BL0027,AWK: A Pattern Scanning and Processing Language,Alfred Aho; Brian Kernighan; Peter Weinberger,1977,Bell Telephone Laboratories,"Describes the AWK text processing language, combining pattern matching with C-like programming constructs for efficient data manipulation.",3205,computing_systems,AWK pattern matching text processing scripting data manipulation,True,3
BL0029,UNIX Shell Design and Unix Pipeline,Doug McIlroy,1978,Bell Telephone Laboratories,Documents the Unix pipeline philosophy: composing small programs that do one thing well using standard input/output streams for data flow.,2037,computing_systems,Unix pipeline shell composition modular design standard IO,True,1
BL0023,The C Programming Language,Dennis Ritchie; Brian Kernighan,1978,Bell Telephone Laboratories,"Definitive reference for the C programming language developed at Bell Labs. Presents the language design, syntax, standard library, and programming idioms.",29097,computing_systems,C programming language compiler systems programming portability,True,2
BL0068,Make: A Program for Maintaining Computer Programs,Stuart Feldman,1979,Bell Telephone Laboratories,Description of the Make build automation tool for managing dependencies and automatically recompiling programs when source files change.,2940,computing_systems,Make build system dependency automation compilation software engineering,True,1
BL0037,Semiconductor Lasers and Optical Amplifiers,John Pierce,1980,Bell Telephone Laboratories,Analysis of semiconductor laser diode properties and their application as compact optical amplifiers in fiber communication systems.,1717,photonics_laser,semiconductor laser diode optical amplifier fiber communication wavelength,True,1
BL0018,Two-Dimensional Magnetotransport in the Extreme Quantum Limit,Daniel Tsui; Horst Störmer; Arthur Gossard,1982,Bell Telephone Laboratories,Experimental discovery of the fractional quantum Hall effect in high-mobility GaAs/AlGaAs heterostructures at ultra-low temperatures and high magnetic fields.,8836,semiconductor_physics,fractional quantum Hall effect two-dimensional electron gas magnetic field GaAs,True,3
BL0050,The Fractal Geometry of Nature,Benoit Mandelbrot,1982,Bell Telephone Laboratories,"Introduces fractal geometry as a mathematical framework for describing natural irregular shapes, showing how simple recursive rules generate complex structures.",21611,mathematics_statistics,fractal geometry nature self-similarity dimension recursive Mandelbrot set,True,1
BL0024,Programming Pearls,Brian Kernighan; Doug McIlroy,1984,Bell Telephone Laboratories,"Collection of essays on practical programming techniques, algorithms, and software engineering principles developed through Unix programming experience.",3901,computing_systems,programming algorithms software engineering efficiency data structures,True,2
BL0026,Reflections on Trusting Trust,Ken Thompson,1984,Bell Telephone Laboratories,"ACM Turing Award lecture demonstrating how trust in software can be subverted at the compiler level, a foundational contribution to computer security.",6334,computing_systems,trust compiler security Trojan horse software backdoor,True,1
BL0019,New Method for High-Accuracy Determination of the Fine-Structure Constant,Horst Störmer; Daniel Tsui,1985,Bell Telephone Laboratories,Precision measurement of the fine-structure constant using quantum Hall measurements in two-dimensional electron systems.,2005,semiconductor_physics,fine-structure constant quantum Hall precision measurement two-dimensional,True,2
BL0028,"Compilers: Principles, Techniques, and Tools",Alfred Aho; Ravi Sethi; Jeffrey Ullman,1986,Bell Telephone Laboratories,"Comprehensive textbook on compiler construction, covering lexical analysis, parsing, semantic analysis, intermediate code generation, and optimization.",31582,computing_systems,compiler lexical analysis parsing semantic code generation optimization,True,3
